{
  "RAMP" : {
    "transaction" : "RAMP",
    "sampleCount" : 1000,
    "errorCount" : 0,
    "errorPct" : 0.0,
    "meanResTime" : 830.2089999999998,
    "medianResTime" : 812.0,
    "minResTime" : 595.0,
    "maxResTime" : 1917.0,
    "pct1ResTime" : 916.9,
    "pct2ResTime" : 955.0,
    "pct3ResTime" : 1046.0,
    "throughput" : 5.667327854916406,
    "receivedKBytesPerSec" : 0.0,
    "sentKBytesPerSec" : 0.0
  },
  "Total" : {
    "transaction" : "Total",
    "sampleCount" : 2000,
    "errorCount" : 0,
    "errorPct" : 0.0,
    "meanResTime" : 804.4419999999992,
    "medianResTime" : 794.0,
    "minResTime" : 574.0,
    "maxResTime" : 1917.0,
    "pct1ResTime" : 901.9000000000001,
    "pct2ResTime" : 929.9499999999998,
    "pct3ResTime" : 1006.99,
    "throughput" : 11.292034598794011,
    "receivedKBytesPerSec" : 0.0,
    "sentKBytesPerSec" : 0.0
  },
  "原生" : {
    "transaction" : "原生",
    "sampleCount" : 1000,
    "errorCount" : 0,
    "errorPct" : 0.0,
    "meanResTime" : 778.6749999999994,
    "medianResTime" : 762.0,
    "minResTime" : 574.0,
    "maxResTime" : 1199.0,
    "pct1ResTime" : 865.0,
    "pct2ResTime" : 899.8999999999999,
    "pct3ResTime" : 945.96,
    "throughput" : 5.6824962069337825,
    "receivedKBytesPerSec" : 0.0,
    "sentKBytesPerSec" : 0.0
  }
}