{
  "RAMP" : {
    "transaction" : "RAMP",
    "sampleCount" : 1000,
    "errorCount" : 0,
    "errorPct" : 0.0,
    "meanResTime" : 1241.2680000000012,
    "medianResTime" : 1259.0,
    "minResTime" : 944.0,
    "maxResTime" : 2391.0,
    "pct1ResTime" : 1367.9,
    "pct2ResTime" : 1418.8999999999999,
    "pct3ResTime" : 1564.96,
    "throughput" : 3.8767653820358445,
    "receivedKBytesPerSec" : 0.0,
    "sentKBytesPerSec" : 0.0
  },
  "Total" : {
    "transaction" : "Total",
    "sampleCount" : 2000,
    "errorCount" : 0,
    "errorPct" : 0.0,
    "meanResTime" : 1152.9425000000015,
    "medianResTime" : 1137.0,
    "minResTime" : 841.0,
    "maxResTime" : 2391.0,
    "pct1ResTime" : 1325.0,
    "pct2ResTime" : 1373.9499999999998,
    "pct3ResTime" : 1528.97,
    "throughput" : 7.725646829780823,
    "receivedKBytesPerSec" : 0.0,
    "sentKBytesPerSec" : 0.0
  },
  "原生" : {
    "transaction" : "原生",
    "sampleCount" : 1000,
    "errorCount" : 0,
    "errorPct" : 0.0,
    "meanResTime" : 1064.6170000000002,
    "medianResTime" : 1038.0,
    "minResTime" : 841.0,
    "maxResTime" : 1531.0,
    "pct1ResTime" : 1185.0,
    "pct2ResTime" : 1225.7499999999995,
    "pct3ResTime" : 1359.95,
    "throughput" : 3.886453378105276,
    "receivedKBytesPerSec" : 0.0,
    "sentKBytesPerSec" : 0.0
  }
}