{
  "RAMP" : {
    "transaction" : "RAMP",
    "sampleCount" : 1000,
    "errorCount" : 0,
    "errorPct" : 0.0,
    "meanResTime" : 1197.1080000000002,
    "medianResTime" : 1236.0,
    "minResTime" : 969.0,
    "maxResTime" : 2152.0,
    "pct1ResTime" : 1282.9,
    "pct2ResTime" : 1309.0,
    "pct3ResTime" : 1377.99,
    "throughput" : 3.9878609512643513,
    "receivedKBytesPerSec" : 0.0,
    "sentKBytesPerSec" : 0.0
  },
  "Total" : {
    "transaction" : "Total",
    "sampleCount" : 2000,
    "errorCount" : 0,
    "errorPct" : 0.0,
    "meanResTime" : 1127.9494999999995,
    "medianResTime" : 1121.0,
    "minResTime" : 819.0,
    "maxResTime" : 2152.0,
    "pct1ResTime" : 1264.0,
    "pct2ResTime" : 1283.9499999999998,
    "pct3ResTime" : 1356.94,
    "throughput" : 7.946693579468922,
    "receivedKBytesPerSec" : 0.0,
    "sentKBytesPerSec" : 0.0
  },
  "原生" : {
    "transaction" : "原生",
    "sampleCount" : 1000,
    "errorCount" : 0,
    "errorPct" : 0.0,
    "meanResTime" : 1058.7910000000004,
    "medianResTime" : 1039.5,
    "minResTime" : 819.0,
    "maxResTime" : 1373.0,
    "pct1ResTime" : 1148.0,
    "pct2ResTime" : 1176.0,
    "pct3ResTime" : 1243.0,
    "throughput" : 3.994934423151444,
    "receivedKBytesPerSec" : 0.0,
    "sentKBytesPerSec" : 0.0
  }
}