{
  "RAMP" : {
    "transaction" : "RAMP",
    "sampleCount" : 3000,
    "errorCount" : 0,
    "errorPct" : 0.0,
    "meanResTime" : 6570.327333333335,
    "medianResTime" : 6800.0,
    "minResTime" : 2723.0,
    "maxResTime" : 8844.0,
    "pct1ResTime" : 7386.9,
    "pct2ResTime" : 7536.95,
    "pct3ResTime" : 7851.849999999997,
    "throughput" : 2.194848398163058,
    "receivedKBytesPerSec" : 0.0,
    "sentKBytesPerSec" : 0.0
  },
  "Total" : {
    "transaction" : "Total",
    "sampleCount" : 6000,
    "errorCount" : 0,
    "errorPct" : 0.0,
    "meanResTime" : 6149.70266666668,
    "medianResTime" : 6269.0,
    "minResTime" : 2498.0,
    "maxResTime" : 8844.0,
    "pct1ResTime" : 7234.900000000001,
    "pct2ResTime" : 7393.95,
    "pct3ResTime" : 7696.98,
    "throughput" : 4.380646013867665,
    "receivedKBytesPerSec" : 0.0,
    "sentKBytesPerSec" : 0.0
  },
  "原生" : {
    "transaction" : "原生",
    "sampleCount" : 3000,
    "errorCount" : 0,
    "errorPct" : 0.0,
    "meanResTime" : 5729.077999999991,
    "medianResTime" : 5810.5,
    "minResTime" : 2498.0,
    "maxResTime" : 8060.0,
    "pct1ResTime" : 6554.8,
    "pct2ResTime" : 6701.95,
    "pct3ResTime" : 6989.939999999999,
    "throughput" : 2.197085931692598,
    "receivedKBytesPerSec" : 0.0,
    "sentKBytesPerSec" : 0.0
  }
}