{
  "RAMP" : {
    "transaction" : "RAMP",
    "sampleCount" : 3000,
    "errorCount" : 0,
    "errorPct" : 0.0,
    "meanResTime" : 6397.939666666656,
    "medianResTime" : 6445.5,
    "minResTime" : 2885.0,
    "maxResTime" : 7713.0,
    "pct1ResTime" : 7108.8,
    "pct2ResTime" : 7207.95,
    "pct3ResTime" : 7381.949999999999,
    "throughput" : 2.201107890971789,
    "receivedKBytesPerSec" : 0.0,
    "sentKBytesPerSec" : 0.0
  },
  "Total" : {
    "transaction" : "Total",
    "sampleCount" : 6000,
    "errorCount" : 0,
    "errorPct" : 0.0,
    "meanResTime" : 6161.613166666662,
    "medianResTime" : 6292.0,
    "minResTime" : 2569.0,
    "maxResTime" : 7713.0,
    "pct1ResTime" : 6985.0,
    "pct2ResTime" : 7108.9,
    "pct3ResTime" : 7312.969999999999,
    "throughput" : 4.392717752509889,
    "receivedKBytesPerSec" : 0.0,
    "sentKBytesPerSec" : 0.0
  },
  "原生" : {
    "transaction" : "原生",
    "sampleCount" : 3000,
    "errorCount" : 0,
    "errorPct" : 0.0,
    "meanResTime" : 5925.286666666676,
    "medianResTime" : 6198.5,
    "minResTime" : 2569.0,
    "maxResTime" : 6984.0,
    "pct1ResTime" : 6511.0,
    "pct2ResTime" : 6592.0,
    "pct3ResTime" : 6755.0,
    "throughput" : 2.204062380842877,
    "receivedKBytesPerSec" : 0.0,
    "sentKBytesPerSec" : 0.0
  }
}