{
  "RAMP" : {
    "transaction" : "RAMP",
    "sampleCount" : 3000,
    "errorCount" : 0,
    "errorPct" : 0.0,
    "meanResTime" : 6225.319666666661,
    "medianResTime" : 6371.5,
    "minResTime" : 2719.0,
    "maxResTime" : 8013.0,
    "pct1ResTime" : 7082.9,
    "pct2ResTime" : 7324.0,
    "pct3ResTime" : 7662.949999999999,
    "throughput" : 2.273731504141602,
    "receivedKBytesPerSec" : 0.0,
    "sentKBytesPerSec" : 0.0
  },
  "Total" : {
    "transaction" : "Total",
    "sampleCount" : 6000,
    "errorCount" : 0,
    "errorPct" : 0.0,
    "meanResTime" : 5930.607833333317,
    "medianResTime" : 5995.0,
    "minResTime" : 2441.0,
    "maxResTime" : 8013.0,
    "pct1ResTime" : 6832.800000000001,
    "pct2ResTime" : 7088.95,
    "pct3ResTime" : 7563.0,
    "throughput" : 4.538117921481484,
    "receivedKBytesPerSec" : 0.0,
    "sentKBytesPerSec" : 0.0
  },
  "原生" : {
    "transaction" : "原生",
    "sampleCount" : 3000,
    "errorCount" : 0,
    "errorPct" : 0.0,
    "meanResTime" : 5635.896000000008,
    "medianResTime" : 5857.0,
    "minResTime" : 2441.0,
    "maxResTime" : 7306.0,
    "pct1ResTime" : 6421.0,
    "pct2ResTime" : 6629.95,
    "pct3ResTime" : 6916.98,
    "throughput" : 2.276583667485225,
    "receivedKBytesPerSec" : 0.0,
    "sentKBytesPerSec" : 0.0
  }
}